algId,DIM,funcId,worst recorded,worst reached,best reached,mean reached,median reached,runs,succ,budget
"(1+(λ,λ)) GA",625,1,295,625,625,625,625,11,11,5787
"(1+(λ,λ)) GA",625,10,303,454,474,463.09090909090907,464,11,1,1953125
"(1+(λ,λ)) GA",625,11,0,312,312,312,312,11,11,286722
"(1+(λ,λ)) GA",625,12,0,562,562,562,562,11,11,637359
"(1+(λ,λ)) GA",625,13,0,158,208,201,208,11,9,1953125
"(1+(λ,λ)) GA",625,14,0,15,83,37.45454545454545,27,11,1,1953125
"(1+(λ,λ)) GA",625,15,1,39,95,67.18181818181819,66,11,1,1953125
"(1+(λ,λ)) GA",625,16,0,46,100,66.9090909090909,64,11,1,1953125
"(1+(λ,λ)) GA",625,17,1,14,39,26.272727272727273,24,11,1,1953125
"(1+(λ,λ)) GA",625,18,0.836299,3.88573,4.36784,4.077916363636364,4.06393,11,1,1953125
"(1+(λ,λ)) GA",625,2,0,625,625,625,625,11,11,757673
"(1+(λ,λ)) GA",625,22,-222447,264,276,272.54545454545456,274,11,3,1953125
"(1+(λ,λ)) GA",625,23,-30604,24,25,24.181818181818183,24,11,2,1953125
"(1+(λ,λ)) GA",625,3,89715,195625,195625,195625,195625,11,11,14138
"(1+(λ,λ)) GA",625,4,139,312,312,312,312,11,11,6840
"(1+(λ,λ)) GA",625,5,256,562,562,562,562,11,11,7346
"(1+(λ,λ)) GA",625,6,89,208,208,208,208,11,11,405731
"(1+(λ,λ)) GA",625,7,287,553,569,560.4545454545455,559,11,1,1953125
"(1+(λ,λ)) GA",625,8,150,314,314,314,314,11,11,27249
"(1+(λ,λ)) GA",625,9,292,624,625,624.4545454545455,624,11,5,1953125
(1+1) EA_>0,625,1,295,625,625,625,625,11,11,7368
(1+1) EA_>0,625,10,300,464,499,480.8181818181818,479,11,2,1953125
(1+1) EA_>0,625,11,0,312,312,312,312,11,11,90509
(1+1) EA_>0,625,12,0,562,562,562,562,11,11,191276
(1+1) EA_>0,625,13,0,208,208,208,208,11,11,46044
(1+1) EA_>0,625,14,0,3,51,16.818181818181817,7,11,1,1953125
(1+1) EA_>0,625,15,1,314,314,314,314,11,11,285407
(1+1) EA_>0,625,16,0,625,625,625,625,11,11,442053
(1+1) EA_>0,625,17,1,625,625,625,625,11,11,1840487
(1+1) EA_>0,625,18,0.801552,3.70443,4.13342,3.9591190909090908,3.92698,11,1,1953125
(1+1) EA_>0,625,2,0,625,625,625,625,11,11,236180
(1+1) EA_>0,625,22,-213705,266,278,272.54545454545456,272,11,2,1953125
(1+1) EA_>0,625,23,-28872,24,25,24.727272727272727,25,11,8,1953125
(1+1) EA_>0,625,3,92020,195625,195625,195625,195625,11,11,8480
(1+1) EA_>0,625,4,145,312,312,312,312,11,11,4728
(1+1) EA_>0,625,5,258,562,562,562,562,11,11,9071
(1+1) EA_>0,625,6,92,208,208,208,208,11,11,3342
(1+1) EA_>0,625,7,287,570,589,580.8181818181819,581,11,1,1953125
(1+1) EA_>0,625,8,150,314,314,314,314,11,11,736415
(1+1) EA_>0,625,9,280,625,625,625,625,11,11,1605116
gHC,625,1,291,625,625,625,625,11,11,626
gHC,625,10,285,294,324,309.45454545454544,314,11,1,1953125
gHC,625,11,0,312,312,312,312,11,11,56749
gHC,625,12,0,562,562,562,562,11,11,92916
gHC,625,13,0,208,208,208,208,11,11,36239
gHC,625,14,0,2,44,14.454545454545455,7,11,1,1953125
gHC,625,15,1,314,314,314,314,11,11,107659
gHC,625,16,0,625,625,625,625,11,11,135356
gHC,625,17,1,4,9,4.454545454545454,4,11,1,1953125
gHC,625,18,0.883895,3.6001,4.07921,3.8832281818181817,3.89038,11,1,1953125
gHC,625,2,0,625,625,625,625,11,11,87499
gHC,625,22,-210593,266,280,273.6363636363636,274,11,1,1953125
gHC,625,23,-28698,18,23,20.363636363636363,20,11,1,1953125
gHC,625,3,90354,195625,195625,195625,195625,11,11,626
gHC,625,4,133,312,312,312,312,11,11,624
gHC,625,5,267,562,562,562,562,11,11,626
gHC,625,6,93,208,208,208,208,11,11,625
gHC,625,7,295,481,497,488.90909090909093,490,11,1,1953125
gHC,625,8,149,257,273,263.1818181818182,262,11,1,1953125
gHC,625,9,307,310,334,316.54545454545456,312,11,1,1953125
"(1+10) EA_{r/2,2r}",625,1,294,625,625,625,625,11,11,21616
"(1+10) EA_{r/2,2r}",625,10,289,559,574,565.8181818181819,564,11,1,1953125
"(1+10) EA_{r/2,2r}",625,11,0,312,312,312,312,11,11,100153
"(1+10) EA_{r/2,2r}",625,12,0,562,562,562,562,11,11,326922
"(1+10) EA_{r/2,2r}",625,13,0,208,208,208,208,11,11,71936
"(1+10) EA_{r/2,2r}",625,14,0,23,83,47.90909090909091,43,11,1,1953125
"(1+10) EA_{r/2,2r}",625,15,1,314,314,314,314,11,11,553043
"(1+10) EA_{r/2,2r}",625,16,0,625,625,625,625,11,11,811854
"(1+10) EA_{r/2,2r}",625,17,1,459,539,488.09090909090907,489,11,1,1953125
"(1+10) EA_{r/2,2r}",625,18,0.881836,3.98499,4.38904,4.136851818181818,4.13167,11,1,1953125
"(1+10) EA_{r/2,2r}",625,2,0,625,625,625,625,11,11,412082
"(1+10) EA_{r/2,2r}",625,22,-211209,260,280,271.45454545454544,270,11,1,1953125
"(1+10) EA_{r/2,2r}",625,23,-30654,24,25,24.454545454545453,24,11,5,1953125
"(1+10) EA_{r/2,2r}",625,3,91751,195625,195625,195625,195625,11,11,24254
"(1+10) EA_{r/2,2r}",625,4,148,312,312,312,312,11,11,6492
"(1+10) EA_{r/2,2r}",625,5,267,562,562,562,562,11,11,14765
"(1+10) EA_{r/2,2r}",625,6,93,208,208,208,208,11,11,5672
"(1+10) EA_{r/2,2r}",625,7,300,576,594,584.0909090909091,583,11,1,1953125
"(1+10) EA_{r/2,2r}",625,8,153,314,314,314,314,11,11,603582
"(1+10) EA_{r/2,2r}",625,9,290,624,625,624.8181818181819,625,11,9,1953125
(1+10) EA_>0,625,1,295,625,625,625,625,11,11,9645
(1+10) EA_>0,625,10,285,474,504,484.90909090909093,484,11,1,1953125
(1+10) EA_>0,625,11,0,312,312,312,312,11,11,92442
(1+10) EA_>0,625,12,0,562,562,562,562,11,11,196861
(1+10) EA_>0,625,13,0,208,208,208,208,11,11,84606
(1+10) EA_>0,625,14,0,3,114,28.363636363636363,7,11,1,1953125
(1+10) EA_>0,625,15,1,314,314,314,314,11,11,394378
(1+10) EA_>0,625,16,0,625,625,625,625,11,11,619940
(1+10) EA_>0,625,17,3,399,564,480.3636363636364,474,11,1,1953125
(1+10) EA_>0,625,18,0.910548,3.80311,4.49201,4.102232727272727,4.10804,11,1,1953125
(1+10) EA_>0,625,2,0,625,625,625,625,11,11,256375
(1+10) EA_>0,625,22,-229295,268,282,273.27272727272725,272,11,1,1953125
(1+10) EA_>0,625,23,-29664,24,25,24.545454545454547,25,11,6,1953125
(1+10) EA_>0,625,3,93104,195625,195625,195625,195625,11,11,10664
(1+10) EA_>0,625,4,147,312,312,312,312,11,11,4615
(1+10) EA_>0,625,5,266,562,562,562,562,11,11,7736
(1+10) EA_>0,625,6,91,208,208,208,208,11,11,8325
(1+10) EA_>0,625,7,303,574,595,584.4545454545455,586,11,1,1953125
(1+10) EA_>0,625,8,145,314,314,314,314,11,11,159562
(1+10) EA_>0,625,9,283,625,625,625,625,11,11,1366202
(1+10) EA_logNormal,625,1,295,625,625,625,625,11,11,14210
(1+10) EA_logNormal,625,10,295,489,534,514,519,11,2,1953125
(1+10) EA_logNormal,625,11,0,312,312,312,312,11,11,80713
(1+10) EA_logNormal,625,12,0,562,562,562,562,11,11,201741
(1+10) EA_logNormal,625,13,0,208,208,208,208,11,11,60374
(1+10) EA_logNormal,625,14,0,11,88,42.18181818181818,43,11,1,1953125
(1+10) EA_logNormal,625,15,1,314,314,314,314,11,11,360946
(1+10) EA_logNormal,625,16,0,625,625,625,625,11,11,637245
(1+10) EA_logNormal,625,17,3,434,604,516.7272727272727,519,11,1,1953125
(1+10) EA_logNormal,625,18,0.906104,1.48418,4.48129,3.6164372727272727,4.07614,11,1,1953125
(1+10) EA_logNormal,625,2,0,625,625,625,625,11,11,234983
(1+10) EA_logNormal,625,22,-211219,264,278,270.54545454545456,270,11,1,1953125
(1+10) EA_logNormal,625,23,-29045,24,25,24.09090909090909,24,11,1,1953125
(1+10) EA_logNormal,625,3,90385,195625,195625,195625,195625,11,11,15191
(1+10) EA_logNormal,625,4,138,312,312,312,312,11,11,7090
(1+10) EA_logNormal,625,5,272,562,562,562,562,11,11,18757
(1+10) EA_logNormal,625,6,95,208,208,208,208,11,11,10575
(1+10) EA_logNormal,625,7,301,375,597,570.2727272727273,589,11,1,1953125
(1+10) EA_logNormal,625,8,151,314,314,314,314,11,11,297138
(1+10) EA_logNormal,625,9,294,625,625,625,625,11,11,1913882
(1+10) EA_normalized,625,1,295,625,625,625,625,11,11,7462
(1+10) EA_normalized,625,10,303,559,574,568.0909090909091,569,11,3,1953125
(1+10) EA_normalized,625,11,0,312,312,312,312,11,11,84375
(1+10) EA_normalized,625,12,0,562,562,562,562,11,11,186996
(1+10) EA_normalized,625,13,0,208,208,208,208,11,11,62020
(1+10) EA_normalized,625,14,0,31,83,53.54545454545455,47,11,1,1953125
(1+10) EA_normalized,625,15,1,314,314,314,314,11,11,296265
(1+10) EA_normalized,625,16,0,625,625,625,625,11,11,577102
(1+10) EA_normalized,625,17,1,474,625,544.6363636363636,529,11,2,1953125
(1+10) EA_normalized,625,18,0.834854,3.74019,4.34723,4.050733636363637,4.04106,11,1,1953125
(1+10) EA_normalized,625,2,0,625,625,625,625,11,11,230183
(1+10) EA_normalized,625,22,-203102,264,276,270.90909090909093,270,11,3,1953125
(1+10) EA_normalized,625,23,-28600,24,25,24.363636363636363,24,11,4,1953125
(1+10) EA_normalized,625,3,90003,195625,195625,195625,195625,11,11,7715
(1+10) EA_normalized,625,4,148,312,312,312,312,11,11,4918
(1+10) EA_normalized,625,5,271,562,562,562,562,11,11,8578
(1+10) EA_normalized,625,6,91,208,208,208,208,11,11,7210
(1+10) EA_normalized,625,7,300,555,582,569.6363636363636,570,11,2,1953125
(1+10) EA_normalized,625,8,144,314,314,314,314,11,11,203422
(1+10) EA_normalized,625,9,291,625,625,625,625,11,11,1137583
(1+10) EA_var_ctrl,625,1,295,625,625,625,625,11,11,6781
(1+10) EA_var_ctrl,625,10,289,289,429,384,389,11,1,1953125
(1+10) EA_var_ctrl,625,11,0,312,312,312,312,11,11,82313
(1+10) EA_var_ctrl,625,12,0,562,562,562,562,11,11,156484
(1+10) EA_var_ctrl,625,13,0,208,208,208,208,11,11,67372
(1+10) EA_var_ctrl,625,14,0,11,58,29.454545454545453,27,11,1,1953125
(1+10) EA_var_ctrl,625,15,1,314,314,314,314,11,11,329391
(1+10) EA_var_ctrl,625,16,0,625,625,625,625,11,11,648263
(1+10) EA_var_ctrl,625,17,2,294,574,423.09090909090907,439,11,1,1953125
(1+10) EA_var_ctrl,625,18,0.841328,3.67765,4.33835,3.970661818181818,3.89721,11,1,1953125
(1+10) EA_var_ctrl,625,2,0,625,625,625,625,11,11,202241
(1+10) EA_var_ctrl,625,22,-241141,266,276,271.27272727272725,272,11,3,1953125
(1+10) EA_var_ctrl,625,23,-29367,21,23,22.09090909090909,22,11,2,1953125
(1+10) EA_var_ctrl,625,3,92685,195625,195625,195625,195625,11,11,7261
(1+10) EA_var_ctrl,625,4,144,312,312,312,312,11,11,5063
(1+10) EA_var_ctrl,625,5,268,562,562,562,562,11,11,7231
(1+10) EA_var_ctrl,625,6,89,208,208,208,208,11,11,8731
(1+10) EA_var_ctrl,625,7,281,490,505,496,495,11,1,1953125
(1+10) EA_var_ctrl,625,8,150,314,314,314,314,11,11,97119
(1+10) EA_var_ctrl,625,9,282,625,625,625,625,11,11,821084
EDA,625,1,277,625,625,625,625,11,11,10850
EDA,625,10,286,625,625,625,625,11,11,394300
EDA,625,11,0,312,312,312,312,11,11,291250
EDA,625,12,0,312,312,312,312,11,11,276300
EDA,625,13,0,208,208,208,208,11,11,308650
EDA,625,14,0,5,13,8.636363636363637,8,11,1,1953150
EDA,625,15,1,208,215,211.36363636363637,211,11,1,1953150
EDA,625,16,0,238,350,283.09090909090907,276,11,1,1953150
EDA,625,17,1,49,84,65.0909090909091,69,11,1,1953150
EDA,625,18,0.895009,4.261116,4.546804,4.460722818181818,4.490768,11,1,1953150
EDA,625,2,0,418,431,422.27272727272725,421,11,1,1953150
EDA,625,22,-218063,268,278,272.3636363636364,272,11,1,1953150
EDA,625,23,-28525,23,24,23.272727272727273,23,11,3,1953150
EDA,625,3,92097,195619,195625,195623.72727272726,195624,11,5,1953150
EDA,625,4,141,312,312,312,312,11,11,7550
EDA,625,5,269,562,562,562,562,11,11,12150
EDA,625,6,97,208,208,208,208,11,11,24600
EDA,625,7,281,488,505,499.1818181818182,500,11,1,1953150
EDA,625,8,144,314,314,314,314,11,11,12050
EDA,625,9,299,625,625,625,625,11,11,14250
(1+1) fGA,625,1,282,625,625,625,625,11,11,13130
(1+1) fGA,625,10,285,549,564,556.2727272727273,559,11,2,1953125
(1+1) fGA,625,11,0,312,312,312,312,11,11,105414
(1+1) fGA,625,12,0,562,562,562,562,11,11,276438
(1+1) fGA,625,13,1,208,208,208,208,11,11,55942
(1+1) fGA,625,14,0,35,119,62.27272727272727,59,11,1,1953125
(1+1) fGA,625,15,1,314,314,314,314,11,11,403098
(1+1) fGA,625,16,0,625,625,625,625,11,11,580905
(1+1) fGA,625,17,2,499,625,587.2727272727273,604,11,1,1953125
(1+1) fGA,625,18,0.832378,3.72905,4.31458,4.102894545454546,4.13132,11,1,1953125
(1+1) fGA,625,2,0,625,625,625,625,11,11,316976
(1+1) fGA,625,22,-206842,266,280,274.1818181818182,274,11,2,1953125
(1+1) fGA,625,23,-29145,24,25,24.181818181818183,24,11,2,1953125
(1+1) fGA,625,3,92836,195625,195625,195625,195625,11,11,10993
(1+1) fGA,625,4,143,312,312,312,312,11,11,7377
(1+1) fGA,625,5,252,562,562,562,562,11,11,12146
(1+1) fGA,625,6,95,208,208,208,208,11,11,4144
(1+1) fGA,625,7,293,564,584,575.3636363636364,576,11,1,1953125
(1+1) fGA,625,8,150,314,314,314,314,11,11,889761
(1+1) fGA,625,9,293,622,625,624.2727272727273,624,11,5,1953125
"(30,30) vGA",625,1,296,356,625,600.4545454545455,625,11,9,1953200
"(30,30) vGA",625,10,290,359,524,477.6363636363636,519,11,5,1953200
"(30,30) vGA",625,11,0,12,312,109.9090909090909,15,11,3,2343800
"(30,30) vGA",625,12,0,11,524,317.3636363636364,398,11,1,2343800
"(30,30) vGA",625,13,0,12,208,120,208,11,6,2343800
"(30,30) vGA",625,14,0,12,187,62.72727272727273,63,11,1,2343800
"(30,30) vGA",625,15,1,7,250,115.45454545454545,106,11,1,2343800
"(30,30) vGA",625,16,0,10,360,91.81818181818181,14,11,1,2343800
"(30,30) vGA",625,17,2,18,279,113.81818181818181,114,11,1,2343800
"(30,30) vGA",625,18,0.893421,1.37792,3.92477,2.929080909090909,3.70528,11,1,1953200
"(30,30) vGA",625,2,0,11,512,176.54545454545453,14,11,1,1953200
"(30,30) vGA",625,22,-213085,-146367,-130777,-139899.36363636365,-140126,11,1,1953200
"(30,30) vGA",625,23,-29021,-23847,-22116,-22903.18181818182,-22957,11,1,1953200
"(30,30) vGA",625,3,86387,195621,195625,195624.63636363635,195625,11,10,1953200
"(30,30) vGA",625,4,137,186,312,289.8181818181818,312,11,9,1953200
"(30,30) vGA",625,5,262,324,562,540.3636363636364,562,11,10,1953200
"(30,30) vGA",625,6,79,130,208,200.9090909090909,208,11,10,1953200
"(30,30) vGA",625,7,296,358,521,493.45454545454544,505,11,1,1953200
"(30,30) vGA",625,8,149,178,309,260.72727272727275,306,11,1,1953200
"(30,30) vGA",625,9,298,598,608,602.1818181818181,602,11,1,1953200
RLS,625,1,294,625,625,625,625,11,11,4847
RLS,625,10,293,294,349,320.3636363636364,319,11,1,1953125
RLS,625,11,0,312,312,312,312,11,11,113280
RLS,625,12,0,562,562,562,562,11,11,202403
RLS,625,13,0,208,208,208,208,11,11,58661
RLS,625,14,0,2,51,20.363636363636363,6,11,1,1953125
RLS,625,15,1,314,314,314,314,11,11,267864
RLS,625,16,0,625,625,625,625,11,11,364431
RLS,625,17,1,625,625,625,625,11,11,1795851
RLS,625,18,0.754627,3.70556,4.13552,3.9850745454545455,4.00493,11,1,1953125
RLS,625,2,0,625,625,625,625,11,11,213965
RLS,625,22,-208097,262,272,266.72727272727275,266,11,2,1953125
RLS,625,23,-28822,21,23,22.181818181818183,22,11,3,1953125
RLS,625,3,87817,195625,195625,195625,195625,11,11,4929
RLS,625,4,146,312,312,312,312,11,11,5008
RLS,625,5,273,562,562,562,562,11,11,4517
RLS,625,6,96,208,208,208,208,11,11,3274
RLS,625,7,299,485,501,489.1818181818182,487,11,1,1953125
RLS,625,8,148,314,314,314,314,11,11,417958
RLS,625,9,303,306,332,317.27272727272725,318,11,1,1953125
"(1+(λ,λ)) GA",16,1,5,16,16,16,16,11,11,145
"(1+(λ,λ)) GA",64,1,28,64,64,64,64,11,11,496
"(1+(λ,λ)) GA",100,1,39,100,100,100,100,11,11,688
"(1+(λ,λ)) GA",16,10,1,15,15,15,15,11,11,25600
"(1+(λ,λ)) GA",64,10,24,53,58,53.45454545454545,53,11,1,409600
"(1+(λ,λ)) GA",100,10,40,74,89,81.27272727272727,84,11,1,1000000
"(1+(λ,λ)) GA",16,11,0,8,8,8,8,11,11,251
"(1+(λ,λ)) GA",64,11,0,32,32,32,32,11,11,4235
"(1+(λ,λ)) GA",100,11,0,50,50,50,50,11,11,9052
"(1+(λ,λ)) GA",16,12,0,14,14,14,14,11,11,344
"(1+(λ,λ)) GA",64,12,0,57,57,57,57,11,11,8768
"(1+(λ,λ)) GA",100,12,0,90,90,90,90,11,11,18758
"(1+(λ,λ)) GA",16,13,0,5,5,5,5,11,11,78
"(1+(λ,λ)) GA",64,13,0,21,21,21,21,11,11,3643
"(1+(λ,λ)) GA",100,13,0,33,33,33,33,11,11,12937
"(1+(λ,λ)) GA",16,14,0,11,16,15.090909090909092,16,11,9,25600
"(1+(λ,λ)) GA",64,14,0,7,47,24.727272727272727,23,11,2,409600
"(1+(λ,λ)) GA",100,14,0,15,65,28.636363636363637,27,11,1,1000000
"(1+(λ,λ)) GA",16,15,1,9,9,9,9,11,11,646
"(1+(λ,λ)) GA",64,15,1,33,33,33,33,11,11,20369
"(1+(λ,λ)) GA",100,15,1,51,51,51,51,11,11,73064
"(1+(λ,λ)) GA",16,16,0,16,16,16,16,11,11,1121
"(1+(λ,λ)) GA",64,16,0,64,64,64,64,11,11,45171
"(1+(λ,λ)) GA",100,16,0,100,100,100,100,11,11,95888
"(1+(λ,λ)) GA",16,17,0,16,16,16,16,11,11,4686
"(1+(λ,λ)) GA",64,17,2,64,64,64,64,11,11,175042
"(1+(λ,λ)) GA",100,17,0,100,100,100,100,11,11,563624
"(1+(λ,λ)) GA",16,18,0.551724,4,5.33333,4.623376363636364,4.57143,11,3,25600
"(1+(λ,λ)) GA",64,18,0.592593,3.76471,4.65455,4.249121818181818,4.26667,11,1,409600
"(1+(λ,λ)) GA",100,18,0.693481,3.25945,4.87329,4.101490909090909,3.97456,11,1,1000000
"(1+(λ,λ)) GA",16,2,0,16,16,16,16,11,11,263
"(1+(λ,λ)) GA",64,2,0,64,64,64,64,11,11,8557
"(1+(λ,λ)) GA",100,2,0,100,100,100,100,11,11,18235
"(1+(λ,λ)) GA",16,22,-275,6,8,7.818181818181818,8,11,10,25600
"(1+(λ,λ)) GA",64,22,-2841,24,32,28.90909090909091,30,11,1,409600
"(1+(λ,λ)) GA",100,22,-6644,40,46,43.27272727272727,44,11,3,1000000
"(1+(λ,λ)) GA",16,23,-70,4,4,4,4,11,11,2083
"(1+(λ,λ)) GA",64,23,-950,7,8,7.818181818181818,8,11,9,409600
"(1+(λ,λ)) GA",100,23,-1605,9,10,9.818181818181818,10,11,9,1000000
"(1+(λ,λ)) GA",16,3,61,136,136,136,136,11,11,89
"(1+(λ,λ)) GA",64,3,828,2080,2080,2080,2080,11,11,711
"(1+(λ,λ)) GA",100,3,2361,5050,5050,5050,5050,11,11,1879
"(1+(λ,λ)) GA",16,4,3,8,8,8,8,11,11,54
"(1+(λ,λ)) GA",64,4,9,32,32,32,32,11,11,354
"(1+(λ,λ)) GA",100,4,22,50,50,50,50,11,11,576
"(1+(λ,λ)) GA",16,5,3,14,14,14,14,11,11,87
"(1+(λ,λ)) GA",64,5,25,57,57,57,57,11,11,452
"(1+(λ,λ)) GA",100,5,39,90,90,90,90,11,11,978
"(1+(λ,λ)) GA",16,6,1,5,5,5,5,11,11,53
"(1+(λ,λ)) GA",64,6,6,21,21,21,21,11,11,525
"(1+(λ,λ)) GA",100,6,12,33,33,33,33,11,11,1902
"(1+(λ,λ)) GA",16,7,3,16,16,16,16,11,11,12290
"(1+(λ,λ)) GA",64,7,28,62,64,63.27272727272727,63,11,5,409600
"(1+(λ,λ)) GA",100,7,42,93,99,96.45454545454545,96,11,1,1000000
"(1+(λ,λ)) GA",16,8,4,9,9,9,9,11,11,285
"(1+(λ,λ)) GA",64,8,16,33,33,33,33,11,11,4532
"(1+(λ,λ)) GA",100,8,21,51,51,51,51,11,11,5291
"(1+(λ,λ)) GA",16,9,4,16,16,16,16,11,11,1452
"(1+(λ,λ)) GA",64,9,28,64,64,64,64,11,11,44187
"(1+(λ,λ)) GA",100,9,42,100,100,100,100,11,11,164807
(1+1) EA_>0,16,1,5,16,16,16,16,11,11,277
(1+1) EA_>0,64,1,27,64,64,64,64,11,11,833
(1+1) EA_>0,100,1,37,100,100,100,100,11,11,1144
(1+1) EA_>0,16,10,1,15,15,15,15,11,11,25600
(1+1) EA_>0,64,10,20,48,63,56.63636363636363,58,11,1,409600
(1+1) EA_>0,100,10,47,84,94,88.54545454545455,89,11,2,1000000
(1+1) EA_>0,16,11,0,8,8,8,8,11,11,124
(1+1) EA_>0,64,11,0,32,32,32,32,11,11,1204
(1+1) EA_>0,100,11,0,50,50,50,50,11,11,2410
(1+1) EA_>0,16,12,0,14,14,14,14,11,11,181
(1+1) EA_>0,64,12,0,57,57,57,57,11,11,2641
(1+1) EA_>0,100,12,0,90,90,90,90,11,11,5737
(1+1) EA_>0,16,13,0,5,5,5,5,11,11,69
(1+1) EA_>0,64,13,0,21,21,21,21,11,11,789
(1+1) EA_>0,100,13,0,33,33,33,33,11,11,1829
(1+1) EA_>0,16,14,0,16,16,16,16,11,11,22614
(1+1) EA_>0,64,14,0,11,61,41.54545454545455,43,11,1,409600
(1+1) EA_>0,100,14,0,3,100,36.90909090909091,35,11,1,1000000
(1+1) EA_>0,16,15,1,9,9,9,9,11,11,384
(1+1) EA_>0,64,15,1,33,33,33,33,11,11,4275
(1+1) EA_>0,100,15,1,51,51,51,51,11,11,8722
(1+1) EA_>0,16,16,0,16,16,16,16,11,11,443
(1+1) EA_>0,64,16,0,64,64,64,64,11,11,5199
(1+1) EA_>0,100,16,0,100,100,100,100,11,11,12869
(1+1) EA_>0,16,17,0,16,16,16,16,11,11,1472
(1+1) EA_>0,64,17,1,64,64,64,64,11,11,25456
(1+1) EA_>0,100,17,0,100,100,100,100,11,11,57937
(1+1) EA_>0,16,18,0.666667,4,5.33333,5.004327272727273,5.33333,11,7,25600
(1+1) EA_>0,64,18,0.707182,3.96899,4.65455,4.288331818181819,4.30252,11,2,409600
(1+1) EA_>0,100,18,0.761499,3.80518,4.91159,4.225,4.1876,11,1,1000000
(1+1) EA_>0,16,2,0,16,16,16,16,11,11,180
(1+1) EA_>0,64,2,0,64,64,64,64,11,11,2609
(1+1) EA_>0,100,2,0,100,100,100,100,11,11,7831
(1+1) EA_>0,16,22,-260,8,8,8,8,11,11,25600
(1+1) EA_>0,64,22,-2968,26,30,28,28,11,3,409600
(1+1) EA_>0,100,22,-6939,42,48,44.90909090909091,44,11,1,1000000
(1+1) EA_>0,16,23,-96,4,4,4,4,11,11,1727
(1+1) EA_>0,64,23,-702,8,8,8,8,11,11,160907
(1+1) EA_>0,100,23,-1722,10,10,10,10,11,11,338798
(1+1) EA_>0,16,3,28,136,136,136,136,11,11,102
(1+1) EA_>0,64,3,815,2080,2080,2080,2080,11,11,580
(1+1) EA_>0,100,3,2294,5050,5050,5050,5050,11,11,1076
(1+1) EA_>0,16,4,2,8,8,8,8,11,11,71
(1+1) EA_>0,64,4,13,32,32,32,32,11,11,417
(1+1) EA_>0,100,4,17,50,50,50,50,11,11,667
(1+1) EA_>0,16,5,4,14,14,14,14,11,11,102
(1+1) EA_>0,64,5,20,57,57,57,57,11,11,566
(1+1) EA_>0,100,5,37,90,90,90,90,11,11,709
(1+1) EA_>0,16,6,1,5,5,5,5,11,11,40
(1+1) EA_>0,64,6,8,21,21,21,21,11,11,227
(1+1) EA_>0,100,6,12,33,33,33,33,11,11,485
(1+1) EA_>0,16,7,5,16,16,16,16,11,11,7179
(1+1) EA_>0,64,7,26,63,64,63.81818181818182,64,11,9,409600
(1+1) EA_>0,100,7,42,98,100,98.9090909090909,99,11,2,1000000
(1+1) EA_>0,16,8,3,9,9,9,9,11,11,510
(1+1) EA_>0,64,8,14,33,33,33,33,11,11,9370
(1+1) EA_>0,100,8,23,51,51,51,51,11,11,22140
(1+1) EA_>0,16,9,6,16,16,16,16,11,11,847
(1+1) EA_>0,64,9,22,64,64,64,64,11,11,19971
(1+1) EA_>0,100,9,38,100,100,100,100,11,11,72984
gHC,16,1,5,16,16,16,16,11,11,17
gHC,64,1,26,64,64,64,64,11,11,65
gHC,100,1,42,100,100,100,100,11,11,101
gHC,16,10,1,5,10,9.545454545454545,10,11,10,25600
gHC,64,10,25,28,38,34.36363636363637,33,11,5,409600
gHC,100,10,46,49,59,53.54545454545455,54,11,4,1000000
gHC,16,11,0,8,8,8,8,11,11,43
gHC,64,11,0,32,32,32,32,11,11,706
gHC,100,11,0,50,50,50,50,11,11,1571
gHC,16,12,0,14,14,14,14,11,11,83
gHC,64,12,0,57,57,57,57,11,11,1137
gHC,100,12,0,90,90,90,90,11,11,2619
gHC,16,13,0,5,5,5,5,11,11,29
gHC,64,13,0,21,21,21,21,11,11,382
gHC,100,13,0,33,33,33,33,11,11,1297
gHC,16,14,0,2,10,4.909090909090909,3,11,1,25600
gHC,64,14,0,2,28,8.818181818181818,4,11,1,409600
gHC,100,14,0,2,28,10.909090909090908,10,11,1,1000000
gHC,16,15,1,9,9,9,9,11,11,98
gHC,64,15,1,33,33,33,33,11,11,1642
gHC,100,15,1,51,51,51,51,11,11,2798
gHC,16,16,0,16,16,16,16,11,11,112
gHC,64,16,0,64,64,64,64,11,11,1856
gHC,100,16,0,100,100,100,100,11,11,3865
gHC,16,17,0,5,5,5,5,11,11,25600
gHC,64,17,0,3,8,4.818181818181818,3,11,4,409600
gHC,100,17,0,4,9,4.454545454545454,4,11,1,1000000
gHC,16,18,0.533333,2.90909,4.57143,3.6133818181818183,3.55556,11,1,25600
gHC,64,18,0.679045,2.8764,4.78505,3.5525345454545456,3.53103,11,1,409600
gHC,100,18,0.785423,3.1766200000000002,4.28816,3.7603036363636364,3.72578,11,1,1000000
gHC,16,2,0,16,16,16,16,11,11,81
gHC,64,2,0,64,64,64,64,11,11,1092
gHC,100,2,0,100,100,100,100,11,11,2301
gHC,16,22,-181,8,8,8,8,11,11,25600
gHC,64,22,-3093,28,30,28.363636363636363,28,11,2,409600
gHC,100,22,-6145,42,46,43.63636363636363,42,11,4,1000000
gHC,16,23,-81,3,4,3.1818181818181817,3,11,2,25600
gHC,64,23,-850,5,7,6.181818181818182,6,11,5,409600
gHC,100,23,-1780,7,8,7.454545454545454,7,11,5,1000000
gHC,16,3,34,136,136,136,136,11,11,17
gHC,64,3,847,2080,2080,2080,2080,11,11,65
gHC,100,3,2016,5050,5050,5050,5050,11,11,101
gHC,16,4,2,8,8,8,8,11,11,17
gHC,64,4,12,32,32,32,32,11,11,64
gHC,100,4,19,50,50,50,50,11,11,99
gHC,16,5,6,14,14,14,14,11,11,17
gHC,64,5,18,57,57,57,57,11,11,65
gHC,100,5,41,90,90,90,90,11,11,101
gHC,16,6,1,5,5,5,5,11,11,15
gHC,64,6,9,21,21,21,21,11,11,64
gHC,100,6,14,33,33,33,33,11,11,100
gHC,16,7,4,12,14,12.454545454545455,12,11,1,25600
gHC,64,7,26,48,51,49.54545454545455,50,11,2,409600
gHC,100,7,42,77,82,78.63636363636364,78,11,1,1000000
gHC,16,8,3,6,9,7.7272727272727275,8,11,1,25600
gHC,64,8,14,26,28,27,27,11,3,409600
gHC,100,8,23,38,45,42.09090909090909,42,11,1,1000000
gHC,16,9,4,5,11,8.636363636363637,9,11,3,25600
gHC,64,9,22,25,37,32.27272727272727,33,11,2,409600
gHC,100,9,42,43,57,50.81818181818182,51,11,1,1000000
"(1+10) EA_{r/2,2r}",16,1,4,16,16,16,16,11,11,195
"(1+10) EA_{r/2,2r}",64,1,26,64,64,64,64,11,11,1195
"(1+10) EA_{r/2,2r}",100,1,43,100,100,100,100,11,11,2552
"(1+10) EA_{r/2,2r}",16,10,1,15,16,15.545454545454545,16,11,6,25600
"(1+10) EA_{r/2,2r}",64,10,19,58,63,61.63636363636363,63,11,8,409600
"(1+10) EA_{r/2,2r}",100,10,45,94,99,94.45454545454545,94,11,1,1000000
"(1+10) EA_{r/2,2r}",16,11,2,8,8,8,8,11,11,126
"(1+10) EA_{r/2,2r}",64,11,14,32,32,32,32,11,11,1566
"(1+10) EA_{r/2,2r}",100,11,20,50,50,50,50,11,11,3144
"(1+10) EA_{r/2,2r}",16,12,0,14,14,14,14,11,11,393
"(1+10) EA_{r/2,2r}",64,12,0,57,57,57,57,11,11,5213
"(1+10) EA_{r/2,2r}",100,12,0,90,90,90,90,11,11,10349
"(1+10) EA_{r/2,2r}",16,13,0,5,5,5,5,11,11,61
"(1+10) EA_{r/2,2r}",64,13,0,21,21,21,21,11,11,803
"(1+10) EA_{r/2,2r}",100,13,0,33,33,33,33,11,11,2093
"(1+10) EA_{r/2,2r}",16,14,0,16,16,16,16,11,11,4515
"(1+10) EA_{r/2,2r}",64,14,0,43,64,57.45454545454545,59,11,4,409600
"(1+10) EA_{r/2,2r}",100,14,0,39,100,76.27272727272727,75,11,1,1000000
"(1+10) EA_{r/2,2r}",16,15,1,9,9,9,9,11,11,492
"(1+10) EA_{r/2,2r}",64,15,1,33,33,33,33,11,11,5923
"(1+10) EA_{r/2,2r}",100,15,1,51,51,51,51,11,11,20413
"(1+10) EA_{r/2,2r}",16,16,0,16,16,16,16,11,11,574
"(1+10) EA_{r/2,2r}",64,16,0,64,64,64,64,11,11,10097
"(1+10) EA_{r/2,2r}",100,16,0,100,100,100,100,11,11,24506
"(1+10) EA_{r/2,2r}",16,17,0,16,16,16,16,11,11,3264
"(1+10) EA_{r/2,2r}",64,17,0,64,64,64,64,11,11,43436
"(1+10) EA_{r/2,2r}",100,17,1,100,100,100,100,11,11,108461
"(1+10) EA_{r/2,2r}",16,18,0.174863,5.33333,5.33333,5.33333,5.33333,11,11,25600
"(1+10) EA_{r/2,2r}",64,18,0.83252,3.65714,5.38947,4.336188181818182,4.2314,11,1,409600
"(1+10) EA_{r/2,2r}",100,18,0.792393,3.77074,4.87329,4.105156363636364,4.02576,11,1,1000000
"(1+10) EA_{r/2,2r}",16,2,0,16,16,16,16,11,11,393
"(1+10) EA_{r/2,2r}",64,2,0,64,64,64,64,11,11,5056
"(1+10) EA_{r/2,2r}",100,2,0,100,100,100,100,11,11,14514
"(1+10) EA_{r/2,2r}",16,22,-183,8,8,8,8,11,11,25600
"(1+10) EA_{r/2,2r}",64,22,-2779,26,32,29.272727272727273,30,11,1,409600
"(1+10) EA_{r/2,2r}",100,22,-6045,44,48,45.09090909090909,44,11,1,1000000
"(1+10) EA_{r/2,2r}",16,23,-81,4,4,4,4,11,11,2356
"(1+10) EA_{r/2,2r}",64,23,-687,8,8,8,8,11,11,172670
"(1+10) EA_{r/2,2r}",100,23,-1878,10,10,10,10,11,11,728035
"(1+10) EA_{r/2,2r}",16,3,47,136,136,136,136,11,11,225
"(1+10) EA_{r/2,2r}",64,3,637,2080,2080,2080,2080,11,11,2360
"(1+10) EA_{r/2,2r}",100,3,1858,5050,5050,5050,5050,11,11,2995
"(1+10) EA_{r/2,2r}",16,4,2,8,8,8,8,11,11,67
"(1+10) EA_{r/2,2r}",64,4,10,32,32,32,32,11,11,491
"(1+10) EA_{r/2,2r}",100,4,21,50,50,50,50,11,11,922
"(1+10) EA_{r/2,2r}",16,5,5,14,14,14,14,11,11,332
"(1+10) EA_{r/2,2r}",64,5,24,57,57,57,57,11,11,1362
"(1+10) EA_{r/2,2r}",100,5,34,90,90,90,90,11,11,1744
"(1+10) EA_{r/2,2r}",16,6,0,5,5,5,5,11,11,38
"(1+10) EA_{r/2,2r}",64,6,6,21,21,21,21,11,11,597
"(1+10) EA_{r/2,2r}",100,6,14,33,33,33,33,11,11,663
"(1+10) EA_{r/2,2r}",16,7,3,16,16,16,16,11,11,3105
"(1+10) EA_{r/2,2r}",64,7,21,64,64,64,64,11,11,222490
"(1+10) EA_{r/2,2r}",100,7,45,99,100,99.9090909090909,100,11,10,1000000
"(1+10) EA_{r/2,2r}",16,8,3,9,9,9,9,11,11,895
"(1+10) EA_{r/2,2r}",64,8,13,33,33,33,33,11,11,14696
"(1+10) EA_{r/2,2r}",100,8,21,51,51,51,51,11,11,17742
"(1+10) EA_{r/2,2r}",16,9,6,16,16,16,16,11,11,1945
"(1+10) EA_{r/2,2r}",64,9,22,64,64,64,64,11,11,44036
"(1+10) EA_{r/2,2r}",100,9,44,100,100,100,100,11,11,67922
(1+10) EA_>0,16,1,3,16,16,16,16,11,11,198
(1+10) EA_>0,64,1,25,64,64,64,64,11,11,703
(1+10) EA_>0,100,1,44,100,100,100,100,11,11,1425
(1+10) EA_>0,16,10,2,10,15,14.545454545454545,15,11,10,25600
(1+10) EA_>0,64,10,25,48,58,54.36363636363637,53,11,4,409600
(1+10) EA_>0,100,10,41,84,89,85.36363636363636,84,11,3,1000000
(1+10) EA_>0,16,11,0,8,8,8,8,11,11,118
(1+10) EA_>0,64,11,0,32,32,32,32,11,11,1573
(1+10) EA_>0,100,11,0,50,50,50,50,11,11,3111
(1+10) EA_>0,16,12,0,14,14,14,14,11,11,212
(1+10) EA_>0,64,12,0,57,57,57,57,11,11,3020
(1+10) EA_>0,100,12,0,90,90,90,90,11,11,6431
(1+10) EA_>0,16,13,0,5,5,5,5,11,11,107
(1+10) EA_>0,64,13,0,21,21,21,21,11,11,1239
(1+10) EA_>0,100,13,0,33,33,33,33,11,11,2345
(1+10) EA_>0,16,14,0,16,16,16,16,11,11,20917
(1+10) EA_>0,64,14,0,3,64,32.72727272727273,23,11,1,409600
(1+10) EA_>0,100,14,0,3,87,35.90909090909091,23,11,1,1000000
(1+10) EA_>0,16,15,1,9,9,9,9,11,11,485
(1+10) EA_>0,64,15,1,33,33,33,33,11,11,3951
(1+10) EA_>0,100,15,1,51,51,51,51,11,11,13614
(1+10) EA_>0,16,16,0,16,16,16,16,11,11,450
(1+10) EA_>0,64,16,0,64,64,64,64,11,11,10857
(1+10) EA_>0,100,16,0,100,100,100,100,11,11,18590
(1+10) EA_>0,16,17,0,16,16,16,16,11,11,1462
(1+10) EA_>0,64,17,2,64,64,64,64,11,11,33013
(1+10) EA_>0,100,17,2,100,100,100,100,11,11,90290
(1+10) EA_>0,16,18,0.680851,4.57143,5.33333,5.264066363636363,5.33333,11,10,25600
(1+10) EA_>0,64,18,0.734577,3.63121,4.65455,4.1677872727272725,4.2314,11,1,409600
(1+10) EA_>0,100,18,0.756888,3.77074,4.6729,4.026602727272727,3.90016,11,1,1000000
(1+10) EA_>0,16,2,0,16,16,16,16,11,11,295
(1+10) EA_>0,64,2,0,64,64,64,64,11,11,2338
(1+10) EA_>0,100,2,0,100,100,100,100,11,11,6851
(1+10) EA_>0,16,22,-243,8,8,8,8,11,11,25600
(1+10) EA_>0,64,22,-2779,24,32,28.727272727272727,28,11,1,409600
(1+10) EA_>0,100,22,-6744,40,48,44,44,11,2,1000000
(1+10) EA_>0,16,23,-111,4,4,4,4,11,11,1863
(1+10) EA_>0,64,23,-749,8,8,8,8,11,11,250472
(1+10) EA_>0,100,23,-1702,10,10,10,10,11,11,343223
(1+10) EA_>0,16,3,34,136,136,136,136,11,11,213
(1+10) EA_>0,64,3,876,2080,2080,2080,2080,11,11,711
(1+10) EA_>0,100,3,1711,5050,5050,5050,5050,11,11,1326
(1+10) EA_>0,16,4,1,8,8,8,8,11,11,120
(1+10) EA_>0,64,4,12,32,32,32,32,11,11,382
(1+10) EA_>0,100,4,17,50,50,50,50,11,11,886
(1+10) EA_>0,16,5,3,14,14,14,14,11,11,156
(1+10) EA_>0,64,5,22,57,57,57,57,11,11,790
(1+10) EA_>0,100,5,36,90,90,90,90,11,11,1022
(1+10) EA_>0,16,6,1,5,5,5,5,11,11,52
(1+10) EA_>0,64,6,7,21,21,21,21,11,11,382
(1+10) EA_>0,100,6,14,33,33,33,33,11,11,731
(1+10) EA_>0,16,7,3,16,16,16,16,11,11,4972
(1+10) EA_>0,64,7,26,63,64,63.90909090909091,64,11,10,409600
(1+10) EA_>0,100,7,43,98,100,99.0909090909091,99,11,2,1000000
(1+10) EA_>0,16,8,4,9,9,9,9,11,11,201
(1+10) EA_>0,64,8,14,33,33,33,33,11,11,3478
(1+10) EA_>0,100,8,18,51,51,51,51,11,11,6761
(1+10) EA_>0,16,9,4,16,16,16,16,11,11,942
(1+10) EA_>0,64,9,26,64,64,64,64,11,11,16671
(1+10) EA_>0,100,9,41,100,100,100,100,11,11,34407
(1+10) EA_logNormal,16,1,5,16,16,16,16,11,11,426
(1+10) EA_logNormal,64,1,28,64,64,64,64,11,11,4931
(1+10) EA_logNormal,100,1,45,100,100,100,100,11,11,3863
(1+10) EA_logNormal,16,10,1,15,16,15.181818181818182,15,11,2,25600
(1+10) EA_logNormal,64,10,30,53,63,58.45454545454545,58,11,2,409600
(1+10) EA_logNormal,100,10,40,84,94,89.45454545454545,89,11,3,1000000
(1+10) EA_logNormal,16,11,0,8,8,8,8,11,11,127
(1+10) EA_logNormal,64,11,0,32,32,32,32,11,11,939
(1+10) EA_logNormal,100,11,0,50,50,50,50,11,11,6487
(1+10) EA_logNormal,16,12,0,14,14,14,14,11,11,1373
(1+10) EA_logNormal,64,12,0,57,57,57,57,11,11,3054
(1+10) EA_logNormal,100,12,0,90,90,90,90,11,11,6572
(1+10) EA_logNormal,16,13,0,5,5,5,5,11,11,68
(1+10) EA_logNormal,64,13,0,21,21,21,21,11,11,3921
(1+10) EA_logNormal,100,13,0,33,33,33,33,11,11,2659
(1+10) EA_logNormal,16,14,0,16,16,16,16,11,11,8589
(1+10) EA_logNormal,64,14,0,15,60,30.818181818181817,23,11,1,409600
(1+10) EA_logNormal,100,14,0,15,75,33.18181818181818,31,11,1,1000000
(1+10) EA_logNormal,16,15,1,9,9,9,9,11,11,1462
(1+10) EA_logNormal,64,15,1,33,33,33,33,11,11,10079
(1+10) EA_logNormal,100,15,1,51,51,51,51,11,11,11550
(1+10) EA_logNormal,16,16,0,16,16,16,16,11,11,1695
(1+10) EA_logNormal,64,16,0,64,64,64,64,11,11,7833
(1+10) EA_logNormal,100,16,0,100,100,100,100,11,11,15219
(1+10) EA_logNormal,16,17,0,16,16,16,16,11,11,3248
(1+10) EA_logNormal,64,17,0,64,64,64,64,11,11,41514
(1+10) EA_logNormal,100,17,1,100,100,100,100,11,11,62020
(1+10) EA_logNormal,16,18,0.551724,5.33333,5.33333,5.33333,5.33333,11,11,25600
(1+10) EA_logNormal,64,18,0.568257,3.1411,4.78505,4.0055381818181814,3.9084,11,1,409600
(1+10) EA_logNormal,100,18,0.493389,3.91236,4.7259,4.231996363636363,4.15973,11,1,1000000
(1+10) EA_logNormal,16,2,0,16,16,16,16,11,11,1521
(1+10) EA_logNormal,64,2,0,64,64,64,64,11,11,3428
(1+10) EA_logNormal,100,2,0,100,100,100,100,11,11,7497
(1+10) EA_logNormal,16,22,-213,8,8,8,8,11,11,25600
(1+10) EA_logNormal,64,22,-3351,28,32,29.454545454545453,30,11,1,409600
(1+10) EA_logNormal,100,22,-6142,42,48,45.45454545454545,46,11,3,1000000
(1+10) EA_logNormal,16,23,-100,4,4,4,4,11,11,2519
(1+10) EA_logNormal,64,23,-850,8,8,8,8,11,11,402500
(1+10) EA_logNormal,100,23,-1732,10,10,10,10,11,11,645715
(1+10) EA_logNormal,16,3,42,136,136,136,136,11,11,1644
(1+10) EA_logNormal,64,3,642,2080,2080,2080,2080,11,11,17036
(1+10) EA_logNormal,100,3,2119,5050,5050,5050,5050,11,11,12261
(1+10) EA_logNormal,16,4,1,8,8,8,8,11,11,137
(1+10) EA_logNormal,64,4,13,32,32,32,32,11,11,1052
(1+10) EA_logNormal,100,4,20,50,50,50,50,11,11,1282
(1+10) EA_logNormal,16,5,4,14,14,14,14,11,11,420
(1+10) EA_logNormal,64,5,21,57,57,57,57,11,11,2389
(1+10) EA_logNormal,100,5,44,90,90,90,90,11,11,3555
(1+10) EA_logNormal,16,6,2,5,5,5,5,11,11,42
(1+10) EA_logNormal,64,6,8,21,21,21,21,11,11,2119
(1+10) EA_logNormal,100,6,11,33,33,33,33,11,11,3856
(1+10) EA_logNormal,16,7,6,16,16,16,16,11,11,7188
(1+10) EA_logNormal,64,7,28,64,64,64,64,11,11,398843
(1+10) EA_logNormal,100,7,42,99,100,99.9090909090909,100,11,10,1000000
(1+10) EA_logNormal,16,8,3,9,9,9,9,11,11,861
(1+10) EA_logNormal,64,8,15,33,33,33,33,11,11,4541
(1+10) EA_logNormal,100,8,22,51,51,51,51,11,11,11042
(1+10) EA_logNormal,16,9,6,16,16,16,16,11,11,2186
(1+10) EA_logNormal,64,9,26,64,64,64,64,11,11,24720
(1+10) EA_logNormal,100,9,44,100,100,100,100,11,11,54068
(1+10) EA_normalized,16,1,4,16,16,16,16,11,11,244
(1+10) EA_normalized,64,1,28,64,64,64,64,11,11,719
(1+10) EA_normalized,100,1,47,100,100,100,100,11,11,857
(1+10) EA_normalized,16,10,1,15,16,15.181818181818182,15,11,2,25600
(1+10) EA_normalized,64,10,24,58,63,62.09090909090909,63,11,9,409600
(1+10) EA_normalized,100,10,40,94,99,94.9090909090909,94,11,2,1000000
(1+10) EA_normalized,16,11,0,8,8,8,8,11,11,93
(1+10) EA_normalized,64,11,0,32,32,32,32,11,11,1208
(1+10) EA_normalized,100,11,0,50,50,50,50,11,11,2953
(1+10) EA_normalized,16,12,0,14,14,14,14,11,11,175
(1+10) EA_normalized,64,12,0,57,57,57,57,11,11,2759
(1+10) EA_normalized,100,12,0,90,90,90,90,11,11,6009
(1+10) EA_normalized,16,13,0,5,5,5,5,11,11,87
(1+10) EA_normalized,64,13,0,21,21,21,21,11,11,1007
(1+10) EA_normalized,100,13,0,33,33,33,33,11,11,1899
(1+10) EA_normalized,16,14,0,11,16,15.363636363636363,16,11,8,25600
(1+10) EA_normalized,64,14,0,23,63,44,47,11,1,409600
(1+10) EA_normalized,100,14,0,23,63,43,39,11,1,1000000
(1+10) EA_normalized,16,15,1,9,9,9,9,11,11,486
(1+10) EA_normalized,64,15,1,33,33,33,33,11,11,4560
(1+10) EA_normalized,100,15,1,51,51,51,51,11,11,12389
(1+10) EA_normalized,16,16,0,16,16,16,16,11,11,525
(1+10) EA_normalized,64,16,0,64,64,64,64,11,11,7008
(1+10) EA_normalized,100,16,0,100,100,100,100,11,11,15177
(1+10) EA_normalized,16,17,0,16,16,16,16,11,11,2560
(1+10) EA_normalized,64,17,0,64,64,64,64,11,11,36445
(1+10) EA_normalized,100,17,2,100,100,100,100,11,11,67612
(1+10) EA_normalized,16,18,0.603774,3.55556,5.33333,4.357864545454546,4,11,2,25600
(1+10) EA_normalized,64,18,0.807571,3.50685,4.87619,4.101193636363637,4.06349,11,1,409600
(1+10) EA_normalized,100,18,0.456288,3.71471,4.363,4.045338181818182,4.0783,11,1,1000000
(1+10) EA_normalized,16,2,0,16,16,16,16,11,11,283
(1+10) EA_normalized,64,2,0,64,64,64,64,11,11,3209
(1+10) EA_normalized,100,2,0,100,100,100,100,11,11,5712
(1+10) EA_normalized,16,22,-291,6,8,7.454545454545454,8,11,8,25600
(1+10) EA_normalized,64,22,-2397,26,30,29.09090909090909,30,11,7,409600
(1+10) EA_normalized,100,22,-6242,42,48,44.36363636363637,44,11,1,1000000
(1+10) EA_normalized,16,23,-85,4,4,4,4,11,11,4267
(1+10) EA_normalized,64,23,-842,8,8,8,8,11,11,383472
(1+10) EA_normalized,100,23,-1605,10,10,10,10,11,11,709848
(1+10) EA_normalized,16,3,40,136,136,136,136,11,11,201
(1+10) EA_normalized,64,3,786,2080,2080,2080,2080,11,11,609
(1+10) EA_normalized,100,3,1864,5050,5050,5050,5050,11,11,1101
(1+10) EA_normalized,16,4,2,8,8,8,8,11,11,132
(1+10) EA_normalized,64,4,12,32,32,32,32,11,11,467
(1+10) EA_normalized,100,4,19,50,50,50,50,11,11,686
(1+10) EA_normalized,16,5,2,14,14,14,14,11,11,348
(1+10) EA_normalized,64,5,23,57,57,57,57,11,11,731
(1+10) EA_normalized,100,5,33,90,90,90,90,11,11,1355
(1+10) EA_normalized,16,6,1,5,5,5,5,11,11,91
(1+10) EA_normalized,64,6,7,21,21,21,21,11,11,504
(1+10) EA_normalized,100,6,11,33,33,33,33,11,11,785
(1+10) EA_normalized,16,7,3,16,16,16,16,11,11,7514
(1+10) EA_normalized,64,7,24,61,64,63.36363636363637,64,11,6,409600
(1+10) EA_normalized,100,7,43,96,100,98.18181818181819,98,11,2,1000000
(1+10) EA_normalized,16,8,4,9,9,9,9,11,11,363
(1+10) EA_normalized,64,8,13,33,33,33,33,11,11,1666
(1+10) EA_normalized,100,8,22,51,51,51,51,11,11,5807
(1+10) EA_normalized,16,9,6,16,16,16,16,11,11,717
(1+10) EA_normalized,64,9,30,64,64,64,64,11,11,12367
(1+10) EA_normalized,100,9,43,100,100,100,100,11,11,35369
(1+10) EA_var_ctrl,16,1,2,16,16,16,16,11,11,199
(1+10) EA_var_ctrl,64,1,26,64,64,64,64,11,11,583
(1+10) EA_var_ctrl,100,1,43,100,100,100,100,11,11,1048
(1+10) EA_var_ctrl,16,10,1,10,15,14.545454545454545,15,11,10,25600
(1+10) EA_var_ctrl,64,10,25,33,58,47.09090909090909,48,11,1,409600
(1+10) EA_var_ctrl,100,10,45,54,94,72.63636363636364,74,11,1,1000000
(1+10) EA_var_ctrl,16,11,0,8,8,8,8,11,11,121
(1+10) EA_var_ctrl,64,11,0,32,32,32,32,11,11,1118
(1+10) EA_var_ctrl,100,11,0,50,50,50,50,11,11,2845
(1+10) EA_var_ctrl,16,12,0,14,14,14,14,11,11,225
(1+10) EA_var_ctrl,64,12,0,57,57,57,57,11,11,2239
(1+10) EA_var_ctrl,100,12,0,90,90,90,90,11,11,5656
(1+10) EA_var_ctrl,16,13,0,5,5,5,5,11,11,54
(1+10) EA_var_ctrl,64,13,0,21,21,21,21,11,11,1250
(1+10) EA_var_ctrl,100,13,0,33,33,33,33,11,11,2177
(1+10) EA_var_ctrl,16,14,0,7,16,12.818181818181818,15,11,5,25600
(1+10) EA_var_ctrl,64,14,0,7,27,17.90909090909091,18,11,1,409600
(1+10) EA_var_ctrl,100,14,0,19,35,22.818181818181817,20,11,1,1000000
(1+10) EA_var_ctrl,16,15,1,9,9,9,9,11,11,486
(1+10) EA_var_ctrl,64,15,1,33,33,33,33,11,11,5175
(1+10) EA_var_ctrl,100,15,1,51,51,51,51,11,11,10518
(1+10) EA_var_ctrl,16,16,0,16,16,16,16,11,11,541
(1+10) EA_var_ctrl,64,16,0,64,64,64,64,11,11,7337
(1+10) EA_var_ctrl,100,16,0,100,100,100,100,11,11,16193
(1+10) EA_var_ctrl,16,17,0,16,16,16,16,11,11,3276
(1+10) EA_var_ctrl,64,17,1,64,64,64,64,11,11,33441
(1+10) EA_var_ctrl,100,17,0,100,100,100,100,11,11,77763
(1+10) EA_var_ctrl,16,18,0.4,3.55556,5.33333,4.409812727272727,4.57143,11,2,25600
(1+10) EA_var_ctrl,64,18,0.798752,3.12195,4.69725,3.6505063636363637,3.58042,11,1,409600
(1+10) EA_var_ctrl,100,18,0.761963,2.81849,4.05186,3.548448181818182,3.5663299999999998,11,1,1000000
(1+10) EA_var_ctrl,16,2,0,16,16,16,16,11,11,283
(1+10) EA_var_ctrl,64,2,0,64,64,64,64,11,11,2794
(1+10) EA_var_ctrl,100,2,0,100,100,100,100,11,11,6547
(1+10) EA_var_ctrl,16,22,-214,6,8,7.818181818181818,8,11,10,25600
(1+10) EA_var_ctrl,64,22,-2650,26,32,28.727272727272727,28,11,1,409600
(1+10) EA_var_ctrl,100,22,-6441,42,48,44.18181818181818,44,11,2,1000000
(1+10) EA_var_ctrl,16,23,-55,3,4,3.5454545454545454,4,11,6,25600
(1+10) EA_var_ctrl,64,23,-772,6,7,6.454545454545454,6,11,5,409600
(1+10) EA_var_ctrl,100,23,-1605,7,9,8.363636363636363,8,11,5,1000000
(1+10) EA_var_ctrl,16,3,40,136,136,136,136,11,11,206
(1+10) EA_var_ctrl,64,3,817,2080,2080,2080,2080,11,11,683
(1+10) EA_var_ctrl,100,3,2046,5050,5050,5050,5050,11,11,1356
(1+10) EA_var_ctrl,16,4,1,8,8,8,8,11,11,149
(1+10) EA_var_ctrl,64,4,12,32,32,32,32,11,11,325
(1+10) EA_var_ctrl,100,4,19,50,50,50,50,11,11,636
(1+10) EA_var_ctrl,16,5,5,14,14,14,14,11,11,129
(1+10) EA_var_ctrl,64,5,21,57,57,57,57,11,11,627
(1+10) EA_var_ctrl,100,5,37,90,90,90,90,11,11,891
(1+10) EA_var_ctrl,16,6,0,5,5,5,5,11,11,78
(1+10) EA_var_ctrl,64,6,6,21,21,21,21,11,11,452
(1+10) EA_var_ctrl,100,6,14,33,33,33,33,11,11,1205
(1+10) EA_var_ctrl,16,7,5,12,16,15.181818181818182,16,11,7,25600
(1+10) EA_var_ctrl,64,7,23,49,57,52.18181818181818,52,11,1,409600
(1+10) EA_var_ctrl,100,7,38,78,83,79.18181818181819,79,11,1,1000000
(1+10) EA_var_ctrl,16,8,3,9,9,9,9,11,11,207
(1+10) EA_var_ctrl,64,8,13,33,33,33,33,11,11,1895
(1+10) EA_var_ctrl,100,8,22,51,51,51,51,11,11,5903
(1+10) EA_var_ctrl,16,9,2,16,16,16,16,11,11,834
(1+10) EA_var_ctrl,64,9,25,64,64,64,64,11,11,5015
(1+10) EA_var_ctrl,100,9,38,100,100,100,100,11,11,15899
EDA,16,1,4,16,16,16,16,11,11,300
EDA,64,1,27,64,64,64,64,11,11,950
EDA,100,1,40,100,100,100,100,11,11,2000
EDA,16,10,1,15,15,15,15,11,11,25600
EDA,64,10,26,63,64,63.90909090909091,64,11,10,409600
EDA,100,10,45,100,100,100,100,11,11,201150
EDA,16,11,0,8,8,8,8,11,11,250
EDA,64,11,0,32,32,32,32,11,11,5700
EDA,100,11,0,50,50,50,50,11,11,11950
EDA,16,12,0,8,8,8,8,11,11,250
EDA,64,12,0,32,32,32,32,11,11,5800
EDA,100,12,0,50,50,50,50,11,11,15100
EDA,16,13,0,5,5,5,5,11,11,100
EDA,64,13,0,21,21,21,21,11,11,5950
EDA,100,13,0,33,33,33,33,11,11,8950
EDA,16,14,0,6,11,9.090909090909092,9,11,1,25600
EDA,64,14,0,5,16,8,7,11,1,409600
EDA,100,14,0,4,13,7.636363636363637,7,11,1,1000000
EDA,16,15,1,9,9,9,9,11,11,5150
EDA,64,15,1,30,33,31.727272727272727,32,11,1,409600
EDA,100,15,1,43,47,44.54545454545455,45,11,1,1000000
EDA,16,16,0,16,16,16,16,11,11,12100
EDA,64,16,0,57,64,60.81818181818182,61,11,2,409600
EDA,100,16,0,85,93,87.0909090909091,87,11,1,1000000
EDA,16,17,0,10,16,15.181818181818182,16,11,7,25600
EDA,64,17,0,43,57,48.63636363636363,48,11,1,409600
EDA,100,17,1,64,84,75.27272727272727,74,11,1,1000000
EDA,16,18,0.405063,4,5.333333,5.021644818181818,5.333333,11,8,25600
EDA,64,18,0.585812,3.849624,4.697248,4.220418181818182,4.096,11,2,409600
EDA,100,18,0.781983,3.828484,4.950495,4.378606636363636,4.187605,11,1,1000000
EDA,16,2,0,16,16,16,16,11,11,5900
EDA,64,2,0,60,63,61.36363636363637,62,11,1,409600
EDA,100,2,0,85,89,87.0909090909091,87,11,1,1000000
EDA,16,22,-213,8,8,8,8,11,11,25600
EDA,64,22,-3732,28,32,29.636363636363637,30,11,1,409600
EDA,100,22,-6045,44,50,46.54545454545455,46,11,1,1000000
EDA,16,23,-107,4,4,4,4,11,11,25600
EDA,64,23,-842,6,7,6.090909090909091,6,11,1,409600
EDA,100,23,-1595,7,8,7.454545454545454,7,11,5,1000000
EDA,16,3,52,136,136,136,136,11,11,400
EDA,64,3,808,2080,2080,2080,2080,11,11,4000
EDA,100,3,1930,5050,5050,5050,5050,11,11,7300
EDA,16,4,2,8,8,8,8,11,11,150
EDA,64,4,11,32,32,32,32,11,11,550
EDA,100,4,17,50,50,50,50,11,11,650
EDA,16,5,4,14,14,14,14,11,11,250
EDA,64,5,20,57,57,57,57,11,11,700
EDA,100,5,36,90,90,90,90,11,11,1150
EDA,16,6,1,5,5,5,5,11,11,100
EDA,64,6,8,21,21,21,21,11,11,450
EDA,100,6,15,33,33,33,33,11,11,700
EDA,16,7,5,13,16,13.909090909090908,14,11,1,25600
EDA,64,7,24,50,56,52.27272727272727,52,11,1,409600
EDA,100,7,42,81,84,82.45454545454545,82,11,3,1000000
EDA,16,8,2,9,9,9,9,11,11,300
EDA,64,8,14,33,33,33,33,11,11,1050
EDA,100,8,23,51,51,51,51,11,11,1550
EDA,16,9,4,16,16,16,16,11,11,300
EDA,64,9,25,64,64,64,64,11,11,1300
EDA,100,9,45,100,100,100,100,11,11,1700
(1+1) fGA,16,1,5,16,16,16,16,11,11,150
(1+1) fGA,64,1,25,64,64,64,64,11,11,960
(1+1) fGA,100,1,44,100,100,100,100,11,11,1491
(1+1) fGA,16,10,6,15,16,15.181818181818182,15,11,2,25600
(1+1) fGA,64,10,26,58,63,59.81818181818182,58,11,4,409600
(1+1) fGA,100,10,37,89,99,94,94,11,2,1000000
(1+1) fGA,16,11,0,8,8,8,8,11,11,176
(1+1) fGA,64,11,0,32,32,32,32,11,11,1627
(1+1) fGA,100,11,0,50,50,50,50,11,11,3676
(1+1) fGA,16,12,0,14,14,14,14,11,11,317
(1+1) fGA,64,12,0,57,57,57,57,11,11,3635
(1+1) fGA,100,12,0,90,90,90,90,11,11,7669
(1+1) fGA,16,13,0,5,5,5,5,11,11,41
(1+1) fGA,64,13,0,21,21,21,21,11,11,959
(1+1) fGA,100,13,0,33,33,33,33,11,11,2401
(1+1) fGA,16,14,0,16,16,16,16,11,11,14359
(1+1) fGA,64,14,0,39,64,52.63636363636363,55,11,2,409600
(1+1) fGA,100,14,0,31,96,59.27272727272727,51,11,1,1000000
(1+1) fGA,16,15,1,9,9,9,9,11,11,515
(1+1) fGA,64,15,1,33,33,33,33,11,11,4162
(1+1) fGA,100,15,1,51,51,51,51,11,11,10704
(1+1) fGA,16,16,0,16,16,16,16,11,11,480
(1+1) fGA,64,16,0,64,64,64,64,11,11,6220
(1+1) fGA,100,16,0,100,100,100,100,11,11,18762
(1+1) fGA,16,17,0,16,16,16,16,11,11,2829
(1+1) fGA,64,17,0,64,64,64,64,11,11,26566
(1+1) fGA,100,17,3,100,100,100,100,11,11,67207
(1+1) fGA,16,18,0.52459,5.33333,5.33333,5.33333,5.33333,11,11,25600
(1+1) fGA,64,18,0.742029,3.65714,4.87619,4.1123354545454545,4.12903,11,1,409600
(1+1) fGA,100,18,0.745156,3.57654,4.53721,4.136001818181819,4.14594,11,1,1000000
(1+1) fGA,16,2,0,16,16,16,16,11,11,283
(1+1) fGA,64,2,0,64,64,64,64,11,11,4460
(1+1) fGA,100,2,0,100,100,100,100,11,11,10470
(1+1) fGA,16,22,-150,8,8,8,8,11,11,25600
(1+1) fGA,64,22,-2334,26,32,29.09090909090909,30,11,1,409600
(1+1) fGA,100,22,-7538,42,48,44.90909090909091,44,11,1,1000000
(1+1) fGA,16,23,-85,4,4,4,4,11,11,2229
(1+1) fGA,64,23,-865,8,8,8,8,11,11,135079
(1+1) fGA,100,23,-1624,10,10,10,10,11,11,814257
(1+1) fGA,16,3,35,136,136,136,136,11,11,91
(1+1) fGA,64,3,760,2080,2080,2080,2080,11,11,1177
(1+1) fGA,100,3,2162,5050,5050,5050,5050,11,11,1867
(1+1) fGA,16,4,1,8,8,8,8,11,11,102
(1+1) fGA,64,4,9,32,32,32,32,11,11,501
(1+1) fGA,100,4,22,50,50,50,50,11,11,839
(1+1) fGA,16,5,4,14,14,14,14,11,11,111
(1+1) fGA,64,5,25,57,57,57,57,11,11,614
(1+1) fGA,100,5,36,90,90,90,90,11,11,884
(1+1) fGA,16,6,1,5,5,5,5,11,11,39
(1+1) fGA,64,6,7,21,21,21,21,11,11,369
(1+1) fGA,100,6,13,33,33,33,33,11,11,497
(1+1) fGA,16,7,5,16,16,16,16,11,11,7261
(1+1) fGA,64,7,24,63,64,63.90909090909091,64,11,10,409600
(1+1) fGA,100,7,41,98,100,99.45454545454545,100,11,6,1000000
(1+1) fGA,16,8,2,9,9,9,9,11,11,473
(1+1) fGA,64,8,12,33,33,33,33,11,11,8403
(1+1) fGA,100,8,21,51,51,51,51,11,11,18029
(1+1) fGA,16,9,4,16,16,16,16,11,11,1859
(1+1) fGA,64,9,22,64,64,64,64,11,11,46905
(1+1) fGA,100,9,44,100,100,100,100,11,11,75244
"(30,30) vGA",16,1,6,15,16,15.545454545454545,16,11,6,25600
"(30,30) vGA",64,1,25,47,64,58.36363636363637,64,11,7,409600
"(30,30) vGA",100,1,38,71,100,89.54545454545455,100,11,7,1000000
"(30,30) vGA",16,10,3,15,16,15.181818181818182,15,11,2,25600
"(30,30) vGA",64,10,25,48,58,53.90909090909091,53,11,4,409600
"(30,30) vGA",100,10,40,69,94,81.27272727272727,79,11,3,1000000
"(30,30) vGA",16,11,0,8,8,8,8,11,11,25600
"(30,30) vGA",64,11,0,15,32,22,18,11,4,409600
"(30,30) vGA",100,11,0,14,50,28.272727272727273,17,11,4,1000000
"(30,30) vGA",16,12,0,12,14,13.727272727272727,14,11,9,25600
"(30,30) vGA",64,12,0,14,57,45.63636363636363,57,11,8,409600
"(30,30) vGA",100,12,0,16,90,70,90,11,8,1000000
"(30,30) vGA",16,13,0,5,5,5,5,11,11,25600
"(30,30) vGA",64,13,0,15,21,19.545454545454547,21,11,7,409600
"(30,30) vGA",100,13,0,15,33,25.636363636363637,33,11,6,1000000
"(30,30) vGA",16,14,0,12,16,14.727272727272727,15,11,5,25600
"(30,30) vGA",64,14,0,14,63,30.636363636363637,27,11,1,409600
"(30,30) vGA",100,14,0,15,100,38,31,11,1,1000000
"(30,30) vGA",16,15,1,6,9,8.454545454545455,9,11,9,25600
"(30,30) vGA",64,15,1,8,33,24.181818181818183,32,11,5,409600
"(30,30) vGA",100,15,1,8,51,34.72727272727273,47,11,5,1000000
"(30,30) vGA",16,16,0,11,16,14,13,11,3,25600
"(30,30) vGA",64,16,0,15,64,29,17,11,3,409600
"(30,30) vGA",100,16,0,13,100,38.90909090909091,17,11,3,1000000
"(30,30) vGA",16,17,0,15,16,15.636363636363637,16,11,7,25600
"(30,30) vGA",64,17,0,13,64,35.36363636363637,38,11,1,409600
"(30,30) vGA",100,17,1,14,100,55.09090909090909,64,11,2,1000000
"(30,30) vGA",16,18,0.367816,5.33333,5.33333,5.33333,5.33333,11,11,25600
"(30,30) vGA",64,18,0.721127,2.81319,4.53097,3.6588427272727273,3.65714,11,1,409600
"(30,30) vGA",100,18,0.707614,2.44858,4.20168,3.428449090909091,3.77074,11,1,1000000
"(30,30) vGA",16,2,0,13,16,14.909090909090908,16,11,6,25600
"(30,30) vGA",64,2,0,12,64,36.90909090909091,17,11,5,409600
"(30,30) vGA",100,2,0,13,100,54.45454545454545,20,11,5,1000000
"(30,30) vGA",16,22,-166,7,8,7.818181818181818,8,11,9,25600
"(30,30) vGA",64,22,-2842,-367,30,-195.1818181818182,-236,11,2,409600
"(30,30) vGA",100,22,-5945,-1661,-872,-1239.1818181818182,-1264,11,1,1000000
"(30,30) vGA",16,23,-92,3,4,3.272727272727273,3,11,3,25600
"(30,30) vGA",64,23,-803,-263,8,-192.27272727272728,-208,11,1,NA
"(30,30) vGA",100,23,-1761,-757,9,-608.2727272727273,-670,11,1,1000000
"(30,30) vGA",16,3,32,131,136,135.54545454545453,136,11,10,25600
"(30,30) vGA",64,3,831,2080,2080,2080,2080,11,11,409600
"(30,30) vGA",100,3,2018,5050,5050,5050,5050,11,11,1000000
"(30,30) vGA",16,4,0,8,8,8,8,11,11,25600
"(30,30) vGA",64,4,10,27,32,30.727272727272727,32,11,8,409600
"(30,30) vGA",100,4,21,39,50,48,50,11,9,1000000
"(30,30) vGA",16,5,4,13,14,13.909090909090908,14,11,10,25600
"(30,30) vGA",64,5,25,42,57,54.36363636363637,57,11,9,409600
"(30,30) vGA",100,5,39,63,90,85.45454545454545,90,11,9,1000000
"(30,30) vGA",16,6,1,5,5,5,5,11,11,25600
"(30,30) vGA",64,6,9,19,21,20.545454545454547,21,11,8,409600
"(30,30) vGA",100,6,10,28,33,32.27272727272727,33,11,9,1000000
"(30,30) vGA",16,7,5,15,16,15.727272727272727,16,11,8,25600
"(30,30) vGA",64,7,25,49,62,58.18181818181818,60,11,2,409600
"(30,30) vGA",100,7,43,71,96,91.0909090909091,93,11,1,1000000
"(30,30) vGA",16,8,3,8,9,8.545454545454545,9,11,6,25600
"(30,30) vGA",64,8,15,24,33,28.272727272727273,25,11,3,409600
"(30,30) vGA",100,8,22,36,51,43,38,11,4,1000000
"(30,30) vGA",16,9,4,15,16,15.636363636363637,16,11,7,25600
"(30,30) vGA",64,9,27,47,64,56.54545454545455,63,11,2,409600
"(30,30) vGA",100,9,40,69,100,86.45454545454545,99,11,4,1000000
RLS,16,1,5,16,16,16,16,11,11,116
RLS,64,1,28,64,64,64,64,11,11,469
RLS,100,1,42,100,100,100,100,11,11,610
RLS,16,10,1,5,10,9.545454545454545,10,11,10,25600
RLS,64,10,24,28,38,33,33,11,2,409600
RLS,100,10,40,44,64,53.09090909090909,54,11,1,1000000
RLS,16,11,0,8,8,8,8,11,11,79
RLS,64,11,0,32,32,32,32,11,11,1633
RLS,100,11,0,50,50,50,50,11,11,3781
RLS,16,12,0,14,14,14,14,11,11,206
RLS,64,12,0,57,57,57,57,11,11,2432
RLS,100,12,0,90,90,90,90,11,11,6282
RLS,16,13,0,5,5,5,5,11,11,80
RLS,64,13,0,21,21,21,21,11,11,843
RLS,100,13,0,33,33,33,33,11,11,1703
RLS,16,14,0,2,16,4.818181818181818,3,11,1,25600
RLS,64,14,0,2,23,7.454545454545454,4,11,1,409600
RLS,100,14,0,2,22,10.454545454545455,11,11,1,1000000
RLS,16,15,1,9,9,9,9,11,11,379
RLS,64,15,1,33,33,33,33,11,11,3769
RLS,100,15,1,51,51,51,51,11,11,9806
RLS,16,16,0,16,16,16,16,11,11,402
RLS,64,16,0,64,64,64,64,11,11,4898
RLS,100,16,0,100,100,100,100,11,11,11766
RLS,16,17,0,16,16,16,16,11,11,1848
RLS,64,17,0,64,64,64,64,11,11,24994
RLS,100,17,2,100,100,100,100,11,11,50445
RLS,16,18,1.03226,2.28571,4,3.082357272727273,3.2,11,1,25600
RLS,64,18,0.802508,2.99415,5.01961,3.6680945454545455,3.48299,11,1,409600
RLS,100,18,0.58099,3.3557,4.15973,3.7500254545454546,3.66032,11,1,1000000
RLS,16,2,0,16,16,16,16,11,11,281
RLS,64,2,0,64,64,64,64,11,11,2562
RLS,100,2,0,100,100,100,100,11,11,5677
RLS,16,22,-213,6,8,7.090909090909091,8,11,6,25600
RLS,64,22,-3030,26,30,28.181818181818183,28,11,3,409600
RLS,100,22,-7040,40,46,44.18181818181818,44,11,5,1000000
RLS,16,23,-100,3,4,3.3636363636363638,3,11,4,25600
RLS,64,23,-834,6,8,6.454545454545454,6,11,1,409600
RLS,100,23,-1556,7,9,8.363636363636363,8,11,5,1000000
RLS,16,3,29,136,136,136,136,11,11,78
RLS,64,3,853,2080,2080,2080,2080,11,11,318
RLS,100,3,2187,5050,5050,5050,5050,11,11,817
RLS,16,4,3,8,8,8,8,11,11,53
RLS,64,4,15,32,32,32,32,11,11,412
RLS,100,4,18,50,50,50,50,11,11,531
RLS,16,5,3,14,14,14,14,11,11,63
RLS,64,5,24,57,57,57,57,11,11,456
RLS,100,5,36,90,90,90,90,11,11,619
RLS,16,6,0,5,5,5,5,11,11,46
RLS,64,6,5,21,21,21,21,11,11,248
RLS,100,6,8,33,33,33,33,11,11,460
RLS,16,7,6,12,15,12.636363636363637,12,11,1,25600
RLS,64,7,27,48,52,49.72727272727273,50,11,1,409600
RLS,100,7,44,75,80,77.54545454545455,77,11,2,1000000
RLS,16,8,4,9,9,9,9,11,11,757
RLS,64,8,14,33,33,33,33,11,11,7068
RLS,100,8,21,51,51,51,51,11,11,13467
RLS,16,9,6,7,9,8.818181818181818,9,11,10,25600
RLS,64,9,24,27,39,33.72727272727273,35,11,1,409600
RLS,100,9,45,45,63,53,53,11,1,1000000
(1+1) EA_>0,625,19,299,621,623,622.0909090909091,623,11,6,1953125
(1+1) EA_>0,625,20,594,1200,1250,1240.909090909091,1250,11,9,1953125
(1+1) EA_>0,625,21,915,1775,1875,1829.5454545454545,1875,11,6,1953125
(1+1) EA_>0,16,19,4,16,16,16,16,11,11,644
(1+1) EA_>0,64,19,26,64,64,64,64,11,11,26626
(1+1) EA_>0,100,19,42,100,100,100,100,11,11,796159
(1+1) EA_>0,16,20,10,32,32,32,32,11,11,1694
(1+1) EA_>0,64,20,54,112,128,125.0909090909091,128,11,9,409600
(1+1) EA_>0,100,20,90,180,200,189.0909090909091,180,11,5,1000000
(1+1) EA_>0,16,21,20,48,48,48,48,11,11,131
(1+1) EA_>0,64,21,86,160,192,189.0909090909091,192,11,10,409600
(1+1) EA_>0,100,21,132,260,300,292.72727272727275,300,11,9,1000000
(1+10) EA_logNormal,625,19,293,621,623,621.7272727272727,621,11,4,1953125
(1+10) EA_logNormal,625,20,588,1200,1250,1231.8181818181818,1250,11,7,1953125
(1+10) EA_logNormal,625,21,921,1775,1875,1847.7272727272727,1875,11,8,1953125
(1+10) EA_logNormal,16,19,4,16,16,16,16,11,11,2112
(1+10) EA_logNormal,64,19,26,64,64,64,64,11,11,103412
(1+10) EA_logNormal,100,19,38,100,100,100,100,11,11,166971
(1+10) EA_logNormal,16,20,10,32,32,32,32,11,11,652
(1+10) EA_logNormal,64,20,56,112,128,125.0909090909091,128,11,9,409600
(1+10) EA_logNormal,100,20,88,180,200,196.36363636363637,200,11,9,1000000
(1+10) EA_logNormal,16,21,20,48,48,48,48,11,11,906
(1+10) EA_logNormal,64,21,84,160,192,180.36363636363637,192,11,7,409600
(1+10) EA_logNormal,100,21,144,260,300,292.72727272727275,300,11,9,1000000
(1+10) EA_normalized,625,19,301,619,623,621.9090909090909,623,11,6,1953125
(1+10) EA_normalized,625,20,600,1200,1250,1231.8181818181818,1250,11,7,1953125
(1+10) EA_normalized,625,21,903,1775,1875,1856.8181818181818,1875,11,9,1953125
(1+10) EA_normalized,16,19,6,16,16,16,16,11,11,1743
(1+10) EA_normalized,64,19,22,64,64,64,64,11,11,70717
(1+10) EA_normalized,100,19,44,100,100,100,100,11,11,175421
(1+10) EA_normalized,16,20,14,32,32,32,32,11,11,20544
(1+10) EA_normalized,64,20,56,112,128,125.0909090909091,128,11,9,409600
(1+10) EA_normalized,100,20,82,180,200,192.72727272727272,200,11,7,1000000
(1+10) EA_normalized,16,21,20,38,48,47.09090909090909,48,11,10,25600
(1+10) EA_normalized,64,21,88,160,192,186.1818181818182,192,11,9,409600
(1+10) EA_normalized,100,21,134,260,300,285.45454545454544,300,11,7,1000000
(1+10) EA_>0,625,19,295,621,625,622.2727272727273,623,11,1,1953125
(1+10) EA_>0,625,20,588,1200,1250,1227.2727272727273,1250,11,6,1953125
(1+10) EA_>0,625,21,893,1775,1875,1847.7272727272727,1875,11,8,1953125
(1+10) EA_>0,16,19,6,16,16,16,16,11,11,1007
(1+10) EA_>0,64,19,26,64,64,64,64,11,11,90613
(1+10) EA_>0,100,19,42,100,100,100,100,11,11,128980
(1+10) EA_>0,16,20,12,32,32,32,32,11,11,176
(1+10) EA_>0,64,20,56,112,128,123.63636363636364,128,11,8,409600
(1+10) EA_>0,100,20,90,180,200,194.54545454545453,200,11,8,1000000
(1+10) EA_>0,16,21,18,48,48,48,48,11,11,143
(1+10) EA_>0,64,21,84,160,192,189.0909090909091,192,11,10,409600
(1+10) EA_>0,100,21,136,260,300,292.72727272727275,300,11,9,1000000
"(1+10) EA_{r/2,2r}",625,19,285,619,621,620.4545454545455,621,11,8,1953125
"(1+10) EA_{r/2,2r}",625,20,608,1200,1250,1245.4545454545455,1250,11,10,1953125
"(1+10) EA_{r/2,2r}",625,21,903,1775,1875,1856.8181818181818,1875,11,9,1953125
"(1+10) EA_{r/2,2r}",16,19,4,16,16,16,16,11,11,2346
"(1+10) EA_{r/2,2r}",64,19,28,64,64,64,64,11,11,100275
"(1+10) EA_{r/2,2r}",100,19,48,100,100,100,100,11,11,701515
"(1+10) EA_{r/2,2r}",16,20,12,32,32,32,32,11,11,302
"(1+10) EA_{r/2,2r}",64,20,50,112,128,122.18181818181819,128,11,7,409600
"(1+10) EA_{r/2,2r}",100,20,88,180,200,196.36363636363637,200,11,9,1000000
"(1+10) EA_{r/2,2r}",16,21,20,48,48,48,48,11,11,362
"(1+10) EA_{r/2,2r}",64,21,90,192,192,192,192,11,11,2656
"(1+10) EA_{r/2,2r}",100,21,132,260,300,285.45454545454544,300,11,7,1000000
(1+10) EA_var_ctrl,625,19,287,621,623,622.6363636363636,623,11,9,1953125
(1+10) EA_var_ctrl,625,20,598,1200,1250,1231.8181818181818,1250,11,7,1953125
(1+10) EA_var_ctrl,625,21,893,1775,1875,1838.6363636363637,1875,11,7,1953125
(1+10) EA_var_ctrl,16,19,6,14,16,15.818181818181818,16,11,10,25600
(1+10) EA_var_ctrl,64,19,22,64,64,64,64,11,11,80406
(1+10) EA_var_ctrl,100,19,42,100,100,100,100,11,11,161962
(1+10) EA_var_ctrl,16,20,14,32,32,32,32,11,11,163
(1+10) EA_var_ctrl,64,20,62,112,128,122.18181818181819,128,11,7,409600
(1+10) EA_var_ctrl,100,20,88,180,200,196.36363636363637,200,11,9,1000000
(1+10) EA_var_ctrl,16,21,20,48,48,48,48,11,11,175
(1+10) EA_var_ctrl,64,21,80,160,192,189.0909090909091,192,11,10,409600
(1+10) EA_var_ctrl,100,21,140,260,300,289.09090909090907,300,11,8,1000000
EDA,625,19,277,601,611,607.1818181818181,607,11,2,1953150
EDA,625,20,610,1192,1250,1215.8181818181818,1200,11,3,1953150
EDA,625,21,919,1769,1875,1819.5454545454545,1775,11,5,1953150
EDA,16,19,6,14,16,15.090909090909092,16,11,6,25600
EDA,64,19,28,60,64,62,62,11,1,409600
EDA,100,19,42,96,100,98.18181818181819,98,11,3,1000000
EDA,16,20,12,32,32,32,32,11,11,1700
EDA,64,20,56,112,128,123.63636363636364,128,11,8,409600
EDA,100,20,88,180,200,194.54545454545453,200,11,8,1000000
EDA,16,21,18,48,48,48,48,11,11,1400
EDA,64,21,82,160,192,189.0909090909091,192,11,10,409600
EDA,100,21,142,260,300,296.3636363636364,300,11,10,1000000
(1+1) fGA,625,19,307,619,623,621.3636363636364,621,11,5,1953125
(1+1) fGA,625,20,598,1200,1250,1231.8181818181818,1250,11,7,1953125
(1+1) fGA,625,21,911,1775,1875,1847.7272727272727,1875,11,8,1953125
(1+1) fGA,16,19,6,16,16,16,16,11,11,722
(1+1) fGA,64,19,24,64,64,64,64,11,11,94217
(1+1) fGA,100,19,38,100,100,100,100,11,11,113454
(1+1) fGA,16,20,10,32,32,32,32,11,11,161
(1+1) fGA,64,20,54,112,128,123.63636363636364,128,11,8,409600
(1+1) fGA,100,20,86,180,200,196.36363636363637,200,11,9,1000000
(1+1) fGA,16,21,18,48,48,48,48,11,11,181
(1+1) fGA,64,21,82,160,192,189.0909090909091,192,11,10,409600
(1+1) fGA,100,21,132,260,300,296.3636363636364,300,11,10,1000000
gHC,625,19,279,281,379,336.8181818181818,337,11,1,1953125
gHC,625,20,602,1162,1250,1221.8181818181818,1250,11,7,1953125
gHC,625,21,901,1767,1875,1855.7272727272727,1875,11,9,1953125
gHC,16,19,4,8,16,12,12,11,2,25600
gHC,64,19,26,28,54,41.09090909090909,40,11,1,409600
gHC,100,19,42,42,80,62.18181818181818,56,11,4,1000000
gHC,16,20,12,32,32,32,32,11,11,55
gHC,64,20,52,102,128,121.63636363636364,128,11,8,409600
gHC,100,20,88,166,200,189.8181818181818,200,11,7,1000000
gHC,16,21,18,48,48,48,48,11,11,31
gHC,64,21,88,152,192,188.36363636363637,192,11,10,409600
gHC,100,21,140,252,300,291.6363636363636,300,11,9,1000000
"(1+(λ,λ)) GA",16,19,4,10,14,13.454545454545455,14,11,9,2059
"(1+(λ,λ)) GA",64,19,26,58,62,60.54545454545455,60,11,4,290580
"(1+(λ,λ)) GA",100,19,42,96,98,97.45454545454545,98,11,8,1000000
"(1+(λ,λ)) GA",16,20,10,18,28,23.818181818181817,24,11,4,365
"(1+(λ,λ)) GA",64,20,52,88,124,109.81818181818181,112,11,1,409600
"(1+(λ,λ)) GA",100,20,94,164,186,175.27272727272728,180,11,1,1000000
"(1+(λ,λ)) GA",16,21,18,24,48,33.45454545454545,32,11,1,104
"(1+(λ,λ)) GA",64,21,88,138,186,157.63636363636363,156,11,1,2694
"(1+(λ,λ)) GA",100,21,144,200,294,250.54545454545453,260,11,1,1000000
"(1+(λ,λ)) GA",625,19,299,601,609,605.5454545454545,605,11,2,1953125
"(1+(λ,λ)) GA",625,20,588,1078,1216,1183.090909090909,1200,11,1,1953125
"(1+(λ,λ)) GA",625,21,911,1681,1853,1770.6363636363637,1775,11,1,1953125
RLS,625,19,303,621,625,623.1818181818181,623,11,2,1953125
RLS,625,20,596,1200,1250,1240.909090909091,1250,11,9,1953125
RLS,625,21,887,1775,1875,1829.5454545454545,1875,11,6,1953125
RLS,16,19,4,16,16,16,16,11,11,657
RLS,64,19,24,64,64,64,64,11,11,38121
RLS,100,19,40,100,100,100,100,11,11,89174
RLS,16,20,14,24,32,29.818181818181817,32,11,8,25600
RLS,64,20,58,112,128,122.18181818181819,128,11,7,409600
RLS,100,20,82,180,200,192.72727272727272,200,11,7,1000000
RLS,16,21,20,48,48,48,48,11,11,69
RLS,64,21,88,160,192,183.27272727272728,192,11,8,409600
RLS,100,21,132,260,300,296.3636363636364,300,11,10,1000000
"(30,30) vGA",625,19,305,593,613,604.0909090909091,603,11,2,1953150
"(30,30) vGA",625,20,614,1150,1220,1183.4545454545455,1182,11,1,1953150
"(30,30) vGA",625,21,907,1753,1875,1813.3636363636363,1809,11,3,1953150
"(30,30) vGA",16,19,2,16,16,16,16,11,11,9930
"(30,30) vGA",64,19,22,62,64,62.72727272727273,62,11,4,409620
"(30,30) vGA",100,19,44,98,100,98.36363636363636,98,11,2,1000020
"(30,30) vGA",16,20,10,32,32,32,32,11,11,1650
"(30,30) vGA",64,20,52,112,128,123.63636363636364,128,11,8,409620
"(30,30) vGA",100,20,96,180,200,194.54545454545453,200,11,8,1000020
"(30,30) vGA",16,21,18,48,48,48,48,11,11,1350
"(30,30) vGA",64,21,84,160,192,189.0909090909091,192,11,10,409620
"(30,30) vGA",100,21,144,260,300,292.72727272727275,300,11,9,1000020
